w	up_1	down_1	cumul_up_1	cumul_down_1	
-4	0.0544686	0.00932307	0	0
-3.975	0.0600241	0.00984999	0.0015006	0.00024625
-3.95	0.066045	0.0107203	0.00315173	0.000514256
-3.925	0.0712682	0.0119635	0.00493343	0.000813343
-3.9	0.0742301	0.0135823	0.00678919	0.0011529
-3.875	0.0745569	0.0155378	0.00865311	0.00154134
-3.85	0.0735743	0.017732	0.0104925	0.00198465
-3.825	0.0731942	0.0199056	0.0123223	0.00248229
-3.8	0.0742904	0.0215824	0.0141796	0.00302185
-3.775	0.0761775	0.0222728	0.016084	0.00357867
-3.75	0.0776071	0.0217218	0.0180242	0.00412171
-3.725	0.0783133	0.0200633	0.019982	0.00462329
-3.7	0.0794689	0.017864	0.0219688	0.00506989
-3.675	0.0825425	0.0157828	0.0240323	0.00546446
-3.65	0.0877488	0.0141945	0.026226	0.00581933
-3.625	0.0934074	0.0131889	0.0285612	0.00614905
-3.6	0.0969503	0.0127335	0.030985	0.00646739
-3.575	0.096992	0.0127823	0.0334098	0.00678694
-3.55	0.0941258	0.0133075	0.0357629	0.00711963
-3.525	0.0899985	0.0142885	0.0380129	0.00747684
-3.5	0.0861768	0.0156904	0.0401673	0.0078691
-3.475	0.0832304	0.0174574	0.0422481	0.00830554
-3.45	0.0806573	0.0194613	0.0442645	0.00879207
-3.425	0.0780264	0.0213915	0.0462152	0.00932686
-3.4	0.075908	0.0228293	0.0481129	0.00989759
-3.375	0.0754357	0.0234887	0.0499987	0.0104848
-3.35	0.0772295	0.0232228	0.0519295	0.0110654
-3.325	0.0808552	0.0220088	0.0539509	0.0116156
-3.3	0.0851334	0.020202	0.0560792	0.0121206
-3.275	0.0887537	0.0184293	0.058298	0.0125814
-3.25	0.0906059	0.017156	0.0605632	0.0130103
-3.225	0.0899684	0.0165651	0.0628124	0.0134244
-3.2	0.086837	0.0166937	0.0649833	0.0138418
-3.175	0.0821076	0.0175513	0.067036	0.0142805
-3.15	0.0773122	0.0191461	0.0689688	0.0147592
-3.125	0.0739042	0.0214362	0.0708164	0.0152951
-3.1	0.0723341	0.0242425	0.0726248	0.0159012
-3.075	0.0717969	0.0271863	0.0744197	0.0165808
-3.05	0.0711548	0.0297196	0.0761986	0.0173238
-3.025	0.0702249	0.0312888	0.0779542	0.018106
-3	0.0699461	0.0315127	0.0797028	0.0188938
-2.975	0.0712415	0.0303072	0.0814839	0.0196515
-2.95	0.0738437	0.0280624	0.08333	0.0203531
-2.925	0.076143	0.0255947	0.0852335	0.0209929
-2.9	0.0763449	0.0236656	0.0871422	0.0215846
-2.875	0.0739334	0.0226652	0.0889905	0.0221512
-2.85	0.0699826	0.0227093	0.0907401	0.0227189
-2.825	0.0662662	0.0238135	0.0923967	0.0233143
-2.8	0.0640227	0.0259345	0.0939973	0.0239626
-2.775	0.0632201	0.028876	0.0955778	0.0246845
-2.75	0.0628111	0.0321758	0.0971481	0.0254889
-2.725	0.0618887	0.0351878	0.0986953	0.0263686
-2.7	0.0606751	0.0373669	0.100212	0.0273028
-2.675	0.0601431	0.038482	0.101716	0.0282649
-2.65	0.0608546	0.0385892	0.103237	0.0292296
-2.625	0.0624273	0.0378174	0.104798	0.030175
-2.6	0.063961	0.0362582	0.106397	0.0310815
-2.575	0.0646494	0.0342475	0.108013	0.0319377
-2.55	0.0639635	0.032497	0.109612	0.0327501
-2.525	0.0619518	0.031692	0.111161	0.0335424
-2.5	0.0595819	0.0321906	0.11265	0.0343472
-2.475	0.0581215	0.0340136	0.114104	0.0351975
-2.45	0.0581082	0.0368428	0.115556	0.0361186
-2.425	0.0590538	0.0400529	0.117033	0.0371199
-2.4	0.0600938	0.0429341	0.118535	0.0381932
-2.375	0.0610132	0.0449537	0.12006	0.0393171
-2.35	0.0623333	0.0458618	0.121619	0.0404636
-2.325	0.064353	0.0456313	0.123227	0.0416044
-2.3	0.0667019	0.0443307	0.124895	0.0427127
-2.275	0.0688354	0.0422666	0.126616	0.0437693
-2.25	0.0705889	0.0401983	0.128381	0.0447743
-2.225	0.0725107	0.0390171	0.130193	0.0457497
-2.2	0.0757521	0.03927	0.132087	0.0467315
-2.175	0.0811658	0.0409996	0.134116	0.0477565
-2.15	0.0885216	0.0437757	0.136329	0.0488509
-2.125	0.0966504	0.0468793	0.138746	0.0500229
-2.1	0.104198	0.0496155	0.141351	0.0512632
-2.075	0.110102	0.0515355	0.144103	0.0525516
-2.05	0.113675	0.0525595	0.146945	0.0538656
-2.025	0.114963	0.0529489	0.149819	0.0551893
-2	0.115214	0.0529253	0.152699	0.0565125
-1.975	0.116298	0.0524538	0.155607	0.0578238
-1.95	0.119203	0.0517053	0.158587	0.0591164
-1.925	0.123354	0.0513218	0.161671	0.0603995
-1.9	0.12764	0.051839	0.164862	0.0616955
-1.875	0.131544	0.0532009	0.16815	0.0630255
-1.85	0.134833	0.0549622	0.171521	0.0643995
-1.825	0.136909	0.0566719	0.174944	0.0658163
-1.8	0.137174	0.0580499	0.178373	0.0672676
-1.775	0.135974	0.0590376	0.181773	0.0687435
-1.75	0.134709	0.0597422	0.18514	0.0702371
-1.725	0.134687	0.0602337	0.188507	0.0717429
-1.7	0.135856	0.060574	0.191904	0.0732573
-1.675	0.136723	0.0610822	0.195322	0.0747843
-1.65	0.135696	0.0621226	0.198714	0.0763374
-1.625	0.132724	0.0637093	0.202032	0.0779301
-1.6	0.129314	0.0655564	0.205265	0.079569
-1.575	0.127026	0.0673026	0.208441	0.0812516
-1.55	0.126449	0.0686708	0.211602	0.0829684
-1.525	0.127081	0.0696026	0.214779	0.0847084
-1.5	0.127644	0.070218	0.21797	0.0864639
-1.475	0.126905	0.0706212	0.221143	0.0882294
-1.45	0.124451	0.0709097	0.224254	0.0900022
-1.425	0.120539	0.071255	0.227268	0.0917835
-1.4	0.115521	0.0717716	0.230156	0.0935778
-1.375	0.10979	0.072441	0.2329	0.0953889
-1.35	0.10395	0.0732655	0.235499	0.0972205
-1.325	0.0985551	0.0743444	0.237963	0.0990791
-1.3	0.0935603	0.0756989	0.240302	0.100972
-1.275	0.0883757	0.0771774	0.242511	0.102901
-1.25	0.0827014	0.0785944	0.244579	0.104866
-1.225	0.0770888	0.0798284	0.246506	0.106862
-1.2	0.0724884	0.0808789	0.248318	0.108884
-1.175	0.0693543	0.0819536	0.250052	0.110932
-1.15	0.0673213	0.0832946	0.251735	0.113015
-1.125	0.0658183	0.0848273	0.253381	0.115135
-1.1	0.064748	0.0862731	0.254999	0.117292
-1.075	0.0642421	0.0875825	0.256606	0.119482
-1.05	0.064201	0.0888922	0.258211	0.121704
-1.025	0.0646424	0.0901781	0.259827	0.123959
-1	0.0660124	0.0912424	0.261477	0.12624
-0.975	0.068577	0.0920567	0.263191	0.128541
-0.95	0.0718801	0.0929533	0.264988	0.130865
-0.925	0.0750459	0.0942052	0.266865	0.13322
-0.9	0.0775029	0.0956495	0.268802	0.135611
-0.875	0.0795753	0.0970207	0.270791	0.138037
-0.85	0.082342	0.0981613	0.27285	0.140491
-0.825	0.0864598	0.0989395	0.275012	0.142964
-0.8	0.0912504	0.0995941	0.277293	0.145454
-0.775	0.0952283	0.100691	0.279673	0.147971
-0.75	0.0974309	0.102012	0.282109	0.150522
-0.725	0.0980242	0.102886	0.28456	0.153094
-0.7	0.0976849	0.103671	0.287002	0.155686
-0.675	0.0969101	0.105056	0.289425	0.158312
-0.65	0.0961959	0.107112	0.29183	0.16099
-0.625	0.0962154	0.109432	0.294235	0.163726
-0.6	0.0972922	0.111639	0.296667	0.166517
-0.575	0.0993311	0.113588	0.299151	0.169356
-0.55	0.102524	0.115087	0.301714	0.172234
-0.525	0.107283	0.115782	0.304396	0.175128
-0.5	0.113382	0.115292	0.30723	0.17801
-0.475	0.119912	0.113452	0.310228	0.180847
-0.45	0.126229	0.110675	0.313384	0.183614
-0.425	0.132105	0.107762	0.316686	0.186308
-0.4	0.137008	0.105322	0.320112	0.188941
-0.375	0.140059	0.103832	0.323613	0.191536
-0.35	0.140957	0.104034	0.327137	0.194137
-0.325	0.140857	0.106723	0.330659	0.196805
-0.3	0.141933	0.112089	0.334207	0.199608
-0.275	0.146069	0.119528	0.337859	0.202596
-0.25	0.153874	0.128055	0.341705	0.205797
-0.225	0.164273	0.136669	0.345812	0.209214
-0.2	0.174738	0.144259	0.350181	0.21282
-0.175	0.18209	0.149517	0.354733	0.216558
-0.15	0.183465	0.151161	0.35932	0.220337
-0.125	0.177546	0.148461	0.363758	0.224049
-0.1	0.165649	0.141978	0.367899	0.227598
-0.075	0.151114	0.133681	0.371677	0.23094
-0.05	0.13749	0.126177	0.375115	0.234095
-0.025	0.127328	0.121781	0.378298	0.237139
-1.42109e-14	0.121978	0.121978	0.381347	0.240189
0.025	0.121781	0.127328	0.384392	0.243372
0.05	0.126177	0.13749	0.387546	0.246809
0.075	0.133681	0.151114	0.390888	0.250587
0.1	0.141978	0.165649	0.394438	0.254728
0.125	0.148461	0.177546	0.398149	0.259167
0.15	0.151161	0.183465	0.401928	0.263753
0.175	0.149517	0.18209	0.405666	0.268306
0.2	0.144259	0.174738	0.409273	0.272674
0.225	0.136669	0.164273	0.412689	0.276781
0.25	0.128055	0.153874	0.415891	0.280628
0.275	0.119528	0.146069	0.418879	0.28428
0.3	0.112089	0.141933	0.421681	0.287828
0.325	0.106723	0.140857	0.424349	0.291349
0.35	0.104034	0.140957	0.42695	0.294873
0.375	0.103832	0.140059	0.429546	0.298375
0.4	0.105322	0.137008	0.432179	0.3018
0.425	0.107762	0.132105	0.434873	0.305103
0.45	0.110675	0.126229	0.43764	0.308258
0.475	0.113452	0.119912	0.440476	0.311256
0.5	0.115292	0.113382	0.443358	0.314091
0.525	0.115782	0.107283	0.446253	0.316773
0.55	0.115087	0.102524	0.44913	0.319336
0.575	0.113588	0.0993311	0.45197	0.321819
0.6	0.111639	0.0972921	0.454761	0.324251
0.625	0.109432	0.0962151	0.457497	0.326657
0.65	0.107112	0.0961958	0.460174	0.329062
0.675	0.105056	0.0969106	0.462801	0.331484
0.7	0.103672	0.0976855	0.465393	0.333927
0.725	0.102885	0.0980236	0.467965	0.336377
0.75	0.102009	0.0974294	0.470515	0.338813
0.775	0.10069	0.095228	0.473032	0.341194
0.8	0.0995979	0.0912522	0.475522	0.343475
0.825	0.098944	0.0864618	0.477996	0.345636
0.85	0.098161	0.0823419	0.48045	0.347695
0.875	0.0970156	0.0795729	0.482875	0.349684
0.9	0.0956437	0.0775002	0.485266	0.351622
0.925	0.0942036	0.0750455	0.487621	0.353498
0.95	0.0929583	0.0718831	0.489945	0.355295
0.975	0.0920648	0.0685808	0.492247	0.35701
1	0.0912473	0.0660131	0.494528	0.35866
1.025	0.0901766	0.0646394	0.496782	0.360276
1.05	0.0888851	0.0641977	0.499005	0.361881
1.075	0.087573	0.0642407	0.501194	0.363487
1.1	0.0862662	0.064748	0.503351	0.365106
1.125	0.084828	0.06582	0.505471	0.366751
1.15	0.0833044	0.0673253	0.507554	0.368434
1.175	0.0819683	0.0693583	0.509603	0.370168
1.2	0.0808901	0.0724878	0.511625	0.37198
1.225	0.0798285	0.0770829	0.513621	0.373907
1.25	0.0785815	0.0826953	0.515586	0.375975
1.275	0.0771573	0.0883748	0.517515	0.378184
1.3	0.0756834	0.0935649	0.519407	0.380523
1.325	0.0743427	0.0985608	0.521265	0.382987
1.35	0.0732771	0.103954	0.523097	0.385586
1.375	0.0724592	0.109791	0.524909	0.388331
1.4	0.0717898	0.115519	0.526703	0.391219
1.425	0.0712675	0.12053	0.528485	0.394232
1.45	0.0709111	0.12444	0.530258	0.397343
1.475	0.0706083	0.126903	0.532023	0.400516
1.5	0.0701937	0.127657	0.533778	0.403707
1.525	0.0695773	0.127101	0.535517	0.406885
1.55	0.0686572	0.126463	0.537234	0.410046
1.575	0.0673059	0.12702	0.538916	0.413222
1.6	0.0655718	0.12929	0.540556	0.416454
1.625	0.0637314	0.132696	0.542149	0.419771
1.65	0.0621492	0.135681	0.543703	0.423163
1.675	0.0611078	0.136732	0.54523	0.426582
1.7	0.060584	0.135885	0.546745	0.429979
1.725	0.0602152	0.134719	0.54825	0.433347
1.75	0.0597036	0.134728	0.549743	0.436715
1.775	0.0590031	0.13597	0.551218	0.440114
1.8	0.0580329	0.137149	0.552669	0.443543
1.825	0.0566682	0.136878	0.554086	0.446965
1.85	0.0549657	0.134809	0.55546	0.450335
1.875	0.0532132	0.131532	0.55679	0.453623
1.9	0.0518654	0.127643	0.558087	0.456815
1.925	0.0513611	0.123375	0.559371	0.459899
1.95	0.0517427	0.119239	0.560664	0.46288
1.975	0.0524683	0.116335	0.561976	0.465788
2	0.0529085	0.115229	0.563299	0.468669
2.025	0.0529119	0.114948	0.564621	0.471543
2.05	0.0525211	0.113641	0.565935	0.474384
2.075	0.0515083	0.11007	0.567222	0.477135
2.1	0.049599	0.104181	0.568462	0.47974
2.125	0.0468672	0.0966495	0.569634	0.482156
2.15	0.0437682	0.0885297	0.570728	0.484369
2.175	0.0410061	0.0811734	0.571753	0.486399
2.2	0.0393	0.0757546	0.572736	0.488293
2.225	0.0390704	0.0725141	0.573712	0.490105
2.25	0.0402599	0.0706058	0.574719	0.491871
2.275	0.0423102	0.0688688	0.575777	0.493592
2.3	0.0443347	0.0667321	0.576885	0.495261
2.325	0.0455956	0.064354	0.578025	0.496869
2.35	0.0458053	0.0623016	0.57917	0.498427
2.375	0.044898	0.0609691	0.580293	0.499951
2.4	0.0428884	0.0600629	0.581365	0.501453
2.425	0.0400168	0.0590466	0.582365	0.502929
2.45	0.0368195	0.0581139	0.583286	0.504382
2.475	0.0340131	0.0581244	0.584136	0.505835
2.5	0.0322213	0.0595785	0.584942	0.507324
2.525	0.0317538	0.061954	0.585735	0.508873
2.55	0.0325783	0.0639891	0.58655	0.510473
2.575	0.0343243	0.0647019	0.587408	0.512091
2.6	0.0363024	0.064016	0.588316	0.513691
2.625	0.0378155	0.0624483	0.589261	0.515252
2.65	0.0385491	0.060827	0.590225	0.516773
2.675	0.0384204	0.0600817	0.591185	0.518275
2.7	0.037301	0.060608	0.592118	0.51979
2.725	0.0351303	0.0618437	0.592996	0.521336
2.75	0.0321299	0.0628038	0.593799	0.522906
2.775	0.0288426	0.0632435	0.59452	0.524487
2.8	0.0259175	0.0640549	0.595168	0.526089
2.825	0.0238175	0.0662909	0.595764	0.527746
2.85	0.0227379	0.0699984	0.596332	0.529496
2.875	0.0227212	0.0739493	0.5969	0.531345
2.9	0.0237494	0.0763678	0.597494	0.533254
2.925	0.0256976	0.0761671	0.598136	0.535158
2.95	0.0281582	0.0738547	0.59884	0.537004
2.975	0.0303576	0.07123	0.599599	0.538785
3	0.0314945	0.0699137	0.600387	0.540533
3.025	0.0312087	0.0701861	0.601167	0.542288
3.05	0.0296014	0.0711292	0.601907	0.544066
3.075	0.0270613	0.071792	0.602583	0.545861
3.1	0.0241439	0.0723369	0.603187	0.547669
3.125	0.0213833	0.0738959	0.603722	0.549517
3.15	0.0191355	0.0772892	0.6042	0.551449
3.175	0.0175711	0.0820871	0.604639	0.553501
3.2	0.016737	0.0868436	0.605058	0.555672
3.225	0.0166313	0.0900147	0.605473	0.557922
3.25	0.0172467	0.0906816	0.605905	0.560189
3.275	0.0185417	0.0888294	0.606368	0.56241
3.3	0.0203186	0.0851761	0.606876	0.56454
3.325	0.0220932	0.0808454	0.607428	0.566561
3.35	0.0232413	0.0771707	0.608009	0.56849
3.375	0.0234389	0.075349	0.608595	0.570374
3.4	0.0227297	0.0758224	0.609164	0.572269
3.425	0.0212625	0.0779725	0.609695	0.574219
3.45	0.0193286	0.080656	0.610178	0.576235
3.475	0.0173527	0.0832762	0.610612	0.578317
3.5	0.0156372	0.0862383	0.611003	0.580473
3.525	0.0142862	0.0900412	0.61136	0.582724
3.55	0.0133381	0.0941361	0.611694	0.585077
3.575	0.0128299	0.0969816	0.612014	0.587502
3.6	0.0127918	0.0969407	0.612334	0.589925
3.625	0.0132579	0.0934117	0.612666	0.592261
3.65	0.0142767	0.0877628	0.613023	0.594455
3.675	0.0158779	0.0825542	0.61342	0.596519
3.7	0.0179614	0.0794763	0.613869	0.598505
3.725	0.0201357	0.0783258	0.614372	0.600464
3.75	0.0217368	0.0776309	0.614915	0.602404
3.775	0.0222205	0.076199	0.615471	0.604309
3.8	0.0214786	0.0742766	0.616008	0.606166
3.825	0.0197772	0.0731185	0.616502	0.607994
3.85	0.0176106	0.0734502	0.616943	0.60983
3.875	0.015453	0.0744443	0.617329	0.611692
3.9	0.0135468	0.0741999	0.617668	0.613547
3.925	0.0119658	0.0713485	0.617967	0.61533
3.95	0.0107411	0.0661952	0.618235	0.616985
3.975	0.00987766	0.0601628	0.618482	0.618489
4	0.00935451	0.0545358	0.618716	0.619853
