E0_1	E_kin	GS_consistency	U	U_1_ave	eb1_1	eb1_1_ave	eb2_1	eb2_1_ave	eb3_1	eb3_1_ave	eb4_1	eb4_1_ave	eb5_1	eb5_1_ave	eb6_1	eb6_1_ave	eb7_1	eb7_1_ave	eb8_1	eb8_1_ave	githash	model	mu	mu_1_ave	mu_ave	n_1	script	sector_1	t	t1	t1_1_ave	t1_ave	t_1_ave	t_ave	tb1_1	tb1_1_ave	tb2_1	tb2_1_ave	tb3_1	tb3_1_ave	tb4_1	tb4_1_ave	tb5_1	tb5_1_ave	tb6_1	tb6_1_ave	tb7_1	tb7_1_ave	tb8_1	tb8_1_ave	time	version	
-10.92805372	-0.9841071616	Y	8	0.03292193727	0.1160925243	0.3533561458	-0.2236439003	1.850878384	0.6370622534	0.3026207128	-0.216127492	1.905281572	-0.1766149643	1.877144989	0.994434885	0.1232474233	-0.2530300624	1.941596748	1.061065108	0.03905733852	bfbbed0	model	1.7	0.9017041718	0.8935198697	0.9017041716	cdmft.py	R0:N12:S0:1	1	0.3	0.003354544636	-0.07393270192	-0.5511555797	-0.9619273511	0.1706751846	-1.789586704	0.2219872401	-1.084166974	0.3776601627	-1.764249241	-0.2357255487	0.9664085332	0.2012603208	-0.5959268263	-0.4088217737	1.118762707	0.2269728003	-0.7158692794	0.5213491893	-0.4193965576	2025-05-27@09:17	v2.9.5	
-10.92805372	-0.9841071616	Y	8	0.03292193727	0.1160925243	0.3533561458	-0.2236439003	1.850878384	0.6370622534	0.3026207128	-0.216127492	1.905281572	-0.1766149643	1.877144989	0.994434885	0.1232474233	-0.2530300624	1.941596748	1.061065108	0.03905733852	bfbbed0	model	1.7	0.9017041718	0.8935198697	0.9017041716	cdmft.py	R0:N12:S0:1	1	0.3	0.003354544636	-0.07393270192	-0.5511555797	-0.9619273511	0.1706751846	-1.789586704	0.2219872401	-1.084166974	0.3776601627	-1.764249241	-0.2357255487	0.9664085332	0.2012603208	-0.5959268263	-0.4088217737	1.118762707	0.2269728003	-0.7158692794	0.5213491893	-0.4193965576	2025-05-27@09:18	v2.9.5	
E0_1	E_kin	GS_consistency	U	U_1_ave	eb1_1	eb1_1_ave	eb2_1	eb2_1_ave	eb3_1	eb3_1_ave	eb4_1	eb4_1_ave	eb5_1	eb5_1_ave	eb6_1	eb6_1_ave	eb7_1	eb7_1_ave	eb8_1	eb8_1_ave	githash	model	mu	mu_1_ave	mu_ave	n_1	script	sector_1	t	t1	t1_1_ave	t1_ave	t_1_ave	t_ave	tb1_1	tb1_1_ave	tb2_1	tb2_1_ave	tb3_1	tb3_1_ave	tb4_1	tb4_1_ave	tb5_1	tb5_1_ave	tb6_1	tb6_1_ave	tb7_1	tb7_1_ave	tb8_1	tb8_1_ave	time	version	
-10.92805372	-0.9841071616	Y	8	0.03292193727	0.1160925243	0.3533561459	-0.2236439003	1.850878384	0.6370622534	0.302620713	-0.216127492	1.905281572	-0.1766149643	1.877144989	0.994434885	0.1232474233	-0.2530300624	1.941596748	1.061065108	0.03905733851	bfbbed0	model	1.7	0.9017041718	0.8935198697	0.9017041716	pp_cdmft.py	R0:N12:S0:1	1	0.3	0.003354544635	-0.07393270191	-0.5511555797	-0.9619273511	0.1706751846	-1.789586704	0.2219872401	-1.084166974	0.3776601627	-1.764249242	-0.2357255487	0.9664085331	0.2012603208	-0.5959268264	-0.4088217737	1.118762707	0.2269728003	-0.7158692793	0.5213491893	-0.4193965576	2025-05-27@17:12	v2.9.5	
-10.92805372	-0.9841071617	Y	8	0.03292193727	0.1160925243	0.3533561459	-0.2236439003	1.850878384	0.6370622534	0.302620713	-0.216127492	1.905281572	-0.1766149643	1.877144989	0.994434885	0.1232474233	-0.2530300624	1.941596748	1.061065108	0.03905733851	bfbbed0	model	1.7	0.9017041718	0.8935198697	0.9017041716	pp_cdmft.py	R0:N12:S0:1	1	0.3	0.003354544635	-0.07393270192	-0.5511555797	-0.9619273511	0.1706751846	-1.789586704	0.2219872401	-1.084166974	0.3776601627	-1.764249242	-0.2357255487	0.9664085331	0.2012603208	-0.5959268264	-0.4088217737	1.118762707	0.2269728003	-0.7158692793	0.5213491893	-0.4193965576	2025-05-27@17:13	v2.9.5	
E0_1	E_kin	GS_consistency	U	U_1_ave	eb1_1	eb1_1_ave	eb2_1	eb2_1_ave	eb3_1	eb3_1_ave	eb4_1	eb4_1_ave	eb5_1	eb5_1_ave	eb6_1	eb6_1_ave	eb7_1	eb7_1_ave	eb8_1	eb8_1_ave	githash	model	mu	mu_1_ave	mu_ave	n_1	script	sector_1	t	t1	t1_1_ave	t1_ave	t_1_ave	t_ave	tb1_1	tb1_1_ave	tb2_1	tb2_1_ave	tb3_1	tb3_1_ave	tb4_1	tb4_1_ave	tb5_1	tb5_1_ave	tb6_1	tb6_1_ave	tb7_1	tb7_1_ave	tb8_1	tb8_1_ave	time	version	
-10.34782516	-1.005537138	Y	8	0.03066436555	0.06246599523	0.4504304743	-0.2787940477	1.917591026	0.8327262032	0.18426402	-0.2094164227	1.890152148	-0.2406535756	1.851604137	0.7350345045	0.2859840211	-0.1955892187	1.850408908	1.037263243	0.04496420126	bfbbed0	model	1.5	0.881150266	0.8733260734	0.8811502658	cdmft.py	R0:N12:S0:1	1	0.3	-0.001324537027	-0.06464482186	-0.5412492114	-0.9861436919	0.1617619531	-1.9594263	0.224330502	-0.8196084099	0.4067906741	-1.353132407	-0.2298210775	1.01388189	0.2050503574	-0.7146359186	-0.4017451011	1.711646177	0.2118516857	-1.054389986	0.5316435923	-0.4405824583	2025-05-27@17:23	v2.9.5	
-10.34782516	-1.005537138	Y	8	0.03066436555	0.06246599523	0.4504304743	-0.2787940477	1.917591026	0.8327262032	0.18426402	-0.2094164227	1.890152148	-0.2406535756	1.851604137	0.7350345045	0.2859840211	-0.1955892187	1.850408908	1.037263243	0.04496420126	bfbbed0	model	1.5	0.881150266	0.8733260734	0.8811502658	cdmft.py	R0:N12:S0:1	1	0.3	-0.001324537027	-0.06464482186	-0.5412492114	-0.9861436919	0.1617619531	-1.9594263	0.224330502	-0.8196084099	0.4067906741	-1.353132407	-0.2298210775	1.01388189	0.2050503574	-0.7146359186	-0.4017451011	1.711646177	0.2118516857	-1.054389986	0.5316435923	-0.4405824583	2025-05-27@17:24	v2.9.5	
E0_1	E_kin	GS_consistency	U	U_1_ave	eb1_1	eb1_1_ave	eb2_1	eb2_1_ave	eb3_1	eb3_1_ave	eb4_1	eb4_1_ave	eb5_1	eb5_1_ave	eb6_1	eb6_1_ave	eb7_1	eb7_1_ave	eb8_1	eb8_1_ave	githash	model	mu	mu_1_ave	mu_ave	n_1	script	sector_1	t	t1	t1_1_ave	t1_ave	t_1_ave	t_ave	tb1_1	tb1_1_ave	tb2_1	tb2_1_ave	tb3_1	tb3_1_ave	tb4_1	tb4_1_ave	tb5_1	tb5_1_ave	tb6_1	tb6_1_ave	tb7_1	tb7_1_ave	tb8_1	tb8_1_ave	time	version	
-10.4585189	-1.006318334	Y	8	0.03075301943	-0.2567826236	1.869233047	-0.252609142	1.891057557	-0.2526090735	1.891057521	-0.2109609059	1.892093085	0.07129286144	0.4213393053	0.7739681517	0.2322898573	0.7739680181	0.2322898387	1.016040442	0.04557180191	bfbbed0	model	1.5	0.8812669967	0.8739291242	0.8812669965	cdmft.py	R0:N12:S0:1	1	0.3	0.0009064753184	-0.06565192549	-0.5438749013	-0.9866227563	0.2063719086	-0.6733081182	0.2197295941	-0.923951813	0.2197296094	-0.9239519696	-0.228457122	1.004774164	0.1668692619	-1.962752182	-0.4067062628	1.529870779	-0.4067062405	1.529870666	0.5325988568	-0.4421602711	2025-05-28@09:55	v2.9.5	
-10.4585189	-1.006318334	Y	8	0.03075301943	-0.2567826236	1.869233047	-0.252609142	1.891057557	-0.2526090735	1.891057521	-0.2109609059	1.892093085	0.07129286144	0.4213393053	0.7739681517	0.2322898573	0.7739680181	0.2322898387	1.016040442	0.04557180191	bfbbed0	model	1.5	0.8812669967	0.8739291242	0.8812669965	cdmft.py	R0:N12:S0:1	1	0.3	0.0009064753184	-0.06565192549	-0.5438749013	-0.9866227563	0.2063719086	-0.6733081182	0.2197295941	-0.923951813	0.2197296094	-0.9239519696	-0.228457122	1.004774164	0.1668692619	-1.962752182	-0.4067062628	1.529870779	-0.4067062405	1.529870666	0.5325988568	-0.4421602711	2025-05-28@09:56	v2.9.5	
E0_1	E_kin	GS_consistency	U	U_1_ave	eb1_1	eb1_1_ave	eb2_1	eb2_1_ave	eb3_1	eb3_1_ave	eb4_1	eb4_1_ave	eb5_1	eb5_1_ave	eb6_1	eb6_1_ave	eb7_1	eb7_1_ave	eb8_1	eb8_1_ave	githash	model	mu	mu_1_ave	mu_ave	n_1	script	sector_1	t	t1	t1_1_ave	t1_ave	t_1_ave	t_ave	tb1_1	tb1_1_ave	tb2_1	tb2_1_ave	tb3_1	tb3_1_ave	tb4_1	tb4_1_ave	tb5_1	tb5_1_ave	tb6_1	tb6_1_ave	tb7_1	tb7_1_ave	tb8_1	tb8_1_ave	time	version	
-10.47228602	-1.006340965	Y	8	0.03076458407	-0.2593375538	1.871885939	-0.2541980757	1.891463172	-0.2541980657	1.891463181	-0.2113528555	1.892584817	0.07336270796	0.4176789246	0.7736925191	0.2322148944	0.7736925097	0.2322149159	1.01528381	0.04553150206	bfbbed0	model	1.5	0.8812406637	0.873936313	0.8812406635	cdmft.py	R0:N12:S0:1	1	0.3	0.001022225767	-0.06565115917	-0.544110091	-0.9866456176	0.2067308646	-0.6674979512	0.2198793405	-0.923313836	0.2198793378	-0.9233137881	-0.2283733783	1.003662798	0.1680405159	-1.964793819	-0.4067758811	1.529721097	-0.4067758835	1.529721187	0.5325887048	-0.441831359	2025-05-28@10:08	v2.9.5	
-10.47228602	-1.006340965	Y	8	0.03076458407	-0.2593375538	1.871885939	-0.2541980757	1.891463172	-0.2541980657	1.891463181	-0.2113528555	1.892584817	0.07336270796	0.4176789246	0.7736925191	0.2322148944	0.7736925097	0.2322149159	1.01528381	0.04553150206	bfbbed0	model	1.5	0.8812406637	0.873936313	0.8812406635	cdmft.py	R0:N12:S0:1	1	0.3	0.001022225767	-0.06565115917	-0.544110091	-0.9866456176	0.2067308646	-0.6674979512	0.2198793405	-0.923313836	0.2198793378	-0.9233137881	-0.2283733783	1.003662798	0.1680405159	-1.964793819	-0.4067758811	1.529721097	-0.4067758835	1.529721187	0.5325887048	-0.441831359	2025-05-28@10:09	v2.9.5	
