w	up_1	cumul_up_1	
-4	0.0521804	0
-3.975	0.0600306	0.00150077
-3.95	0.0694278	0.00323646
-3.925	0.079654	0.00522781
-3.9	0.0890693	0.00745454
-3.875	0.0954473	0.00984072
-3.85	0.0972876	0.0122729
-3.825	0.0944745	0.0146348
-3.8	0.0881535	0.0168386
-3.775	0.0803441	0.0188472
-3.75	0.0732737	0.0206791
-3.725	0.0686618	0.0223956
-3.7	0.0674175	0.024081
-3.675	0.069821	0.0258266
-3.65	0.0756817	0.0277186
-3.625	0.084145	0.0298222
-3.6	0.0934561	0.0321586
-3.575	0.101256	0.03469
-3.55	0.105361	0.0373241
-3.525	0.104567	0.0399382
-3.5	0.0992486	0.0424194
-3.475	0.0913041	0.044702
-3.45	0.0831513	0.0467808
-3.425	0.0766398	0.0486968
-3.4	0.0725232	0.0505099
-3.375	0.0705973	0.0522748
-3.35	0.070221	0.0540304
-3.325	0.0707188	0.0557983
-3.3	0.0715893	0.0575881
-3.275	0.0726904	0.0594053
-3.25	0.0742184	0.0612608
-3.225	0.0761841	0.0631654
-3.2	0.0778939	0.0651127
-3.175	0.0782376	0.0670687
-3.15	0.0764193	0.0689792
-3.125	0.0724118	0.0707894
-3.1	0.0671658	0.0724686
-3.075	0.0622468	0.0740248
-3.05	0.0589029	0.0754973
-3.025	0.057459	0.0769338
-3	0.0574804	0.0783708
-2.975	0.0584646	0.0798324
-2.95	0.060458	0.0813439
-2.925	0.0638569	0.0829403
-2.9	0.0684605	0.0846518
-2.875	0.072779	0.0864713
-2.85	0.0746961	0.0883387
-2.825	0.0732923	0.090171
-2.8	0.0696855	0.0919131
-2.775	0.0658417	0.0935592
-2.75	0.0629752	0.0951336
-2.725	0.0610975	0.096661
-2.7	0.0596363	0.0981519
-2.675	0.0582528	0.0996082
-2.65	0.0572042	0.101038
-2.625	0.0571141	0.102466
-2.6	0.0584809	0.103928
-2.575	0.0611663	0.105457
-2.55	0.0640779	0.107059
-2.525	0.06565	0.108701
-2.5	0.0650884	0.110328
-2.475	0.063003	0.111903
-2.45	0.0608534	0.113424
-2.425	0.0599897	0.114924
-2.4	0.0610629	0.116451
-2.375	0.0641129	0.118053
-2.35	0.0689779	0.119778
-2.325	0.0758935	0.121675
-2.3	0.0843944	0.123785
-2.275	0.0935255	0.126123
-2.25	0.102088	0.128675
-2.225	0.109193	0.131405
-2.2	0.114259	0.134262
-2.175	0.116982	0.137186
-2.15	0.117732	0.140129
-2.125	0.117869	0.143076
-2.1	0.119059	0.146053
-2.075	0.122079	0.149105
-2.05	0.126476	0.152267
-2.025	0.131255	0.155548
-2	0.135528	0.158936
-1.975	0.138625	0.162402
-1.95	0.14021	0.165907
-1.925	0.140595	0.169422
-1.9	0.140657	0.172938
-1.875	0.141006	0.176463
-1.85	0.14127	0.179995
-1.825	0.14062	0.183511
-1.8	0.139252	0.186992
-1.775	0.138774	0.190461
-1.75	0.140574	0.193976
-1.725	0.144387	0.197585
-1.7	0.148744	0.201304
-1.675	0.151973	0.205103
-1.65	0.152776	0.208923
-1.625	0.150738	0.212691
-1.6	0.146515	0.216354
-1.575	0.141265	0.219886
-1.55	0.135804	0.223281
-1.525	0.130424	0.226541
-1.5	0.125366	0.229676
-1.475	0.120938	0.232699
-1.45	0.117019	0.235624
-1.425	0.11287	0.238446
-1.4	0.107895	0.241144
-1.375	0.102349	0.243702
-1.35	0.0971297	0.246131
-1.325	0.0931951	0.24846
-1.3	0.0908829	0.250733
-1.275	0.0895669	0.252972
-1.25	0.0882815	0.255179
-1.225	0.0864249	0.257339
-1.2	0.0835879	0.259429
-1.175	0.0794868	0.261416
-1.15	0.0745236	0.263279
-1.125	0.0697943	0.265024
-1.1	0.0661834	0.266679
-1.075	0.0637289	0.268272
-1.05	0.0620794	0.269824
-1.025	0.0612462	0.271355
-1	0.0614816	0.272892
-0.975	0.0627152	0.27446
-0.95	0.0646847	0.276077
-0.925	0.0674852	0.277764
-0.9	0.0713218	0.279547
-0.875	0.0759016	0.281445
-0.85	0.0806566	0.283461
-0.825	0.0850929	0.285589
-0.8	0.0884807	0.287801
-0.775	0.0901153	0.290054
-0.75	0.0903409	0.292312
-0.725	0.0906558	0.294578
-0.7	0.0925095	0.296891
-0.675	0.0960238	0.299292
-0.65	0.0999074	0.301789
-0.625	0.102727	0.304358
-0.6	0.104082	0.30696
-0.575	0.104521	0.309573
-0.55	0.104596	0.312188
-0.525	0.104169	0.314792
-0.5	0.102919	0.317365
-0.475	0.101203	0.319895
-0.45	0.100017	0.322395
-0.425	0.100426	0.324906
-0.4	0.103225	0.327487
-0.375	0.108849	0.330208
-0.35	0.117164	0.333137
-0.325	0.127259	0.336318
-0.3	0.137866	0.339765
-0.275	0.147936	0.343463
-0.25	0.156611	0.347379
-0.225	0.163102	0.351456
-0.2	0.166665	0.355623
-0.175	0.166642	0.359789
-0.15	0.162982	0.363863
-0.125	0.15649	0.367776
-0.1	0.148278	0.371483
-0.075	0.13928	0.374965
-0.05	0.130264	0.378221
-0.025	0.121997	0.381271
-1.42109e-14	0.115085	0.384148
0.025	0.109627	0.386889
0.05	0.10525	0.38952
0.075	0.101611	0.39206
0.1	0.0988848	0.394533
0.125	0.0977458	0.396976
0.15	0.0989685	0.39945
0.175	0.103051	0.402027
0.2	0.109754	0.404771
0.225	0.117536	0.407709
0.25	0.1238	0.410804
0.275	0.126726	0.413972
0.3	0.126529	0.417135
0.325	0.124301	0.420243
0.35	0.120664	0.423259
0.375	0.116067	0.426161
0.4	0.111314	0.428944
0.425	0.107015	0.431619
0.45	0.103222	0.4342
0.475	0.099817	0.436695
0.5	0.0965654	0.439109
0.525	0.0929635	0.441434
0.55	0.0886256	0.443649
0.575	0.0838402	0.445745
0.6	0.0795099	0.447733
0.625	0.0765941	0.449648
0.65	0.0758236	0.451543
0.675	0.0779033	0.453491
0.7	0.083392	0.455576
0.725	0.0918156	0.457871
0.75	0.100454	0.460382
0.775	0.105834	0.463028
0.8	0.107806	0.465723
0.825	0.107882	0.468421
0.85	0.106634	0.471086
0.875	0.104373	0.473696
0.9	0.101556	0.476235
0.925	0.0986377	0.478701
0.95	0.0959508	0.481099
0.975	0.0935718	0.483439
1	0.0914234	0.485724
1.025	0.0898496	0.48797
1.05	0.0889852	0.490195
1.075	0.0876424	0.492386
1.1	0.0857453	0.49453
1.125	0.083495	0.496617
1.15	0.0809739	0.498641
1.175	0.0783876	0.500601
1.2	0.075985	0.502501
1.225	0.0739959	0.504351
1.25	0.0725505	0.506164
1.275	0.0714901	0.507952
1.3	0.0703544	0.509711
1.325	0.0687396	0.511429
1.35	0.066686	0.513096
1.375	0.0646771	0.514713
1.4	0.0632846	0.516295
1.425	0.0627858	0.517865
1.45	0.0630189	0.51944
1.475	0.0635021	0.521028
1.5	0.0636913	0.52262
1.525	0.063265	0.524202
1.55	0.0622869	0.525759
1.575	0.061152	0.527288
1.6	0.0603787	0.528797
1.625	0.0604072	0.530307
1.65	0.0613698	0.531842
1.675	0.0627954	0.533412
1.7	0.0637044	0.535004
1.725	0.0633617	0.536588
1.75	0.0618362	0.538134
1.775	0.0596742	0.539626
1.8	0.0572347	0.541057
1.825	0.0545386	0.54242
1.85	0.0515588	0.543709
1.875	0.0484581	0.544921
1.9	0.045668	0.546062
1.925	0.0437308	0.547156
1.95	0.0428429	0.548227
1.975	0.0424641	0.549288
2	0.0415766	0.550328
2.025	0.0396044	0.551318
2.05	0.0369653	0.552242
2.075	0.0345587	0.553106
2.1	0.0329308	0.553929
2.125	0.0319556	0.554728
2.15	0.0310913	0.555505
2.175	0.029964	0.556255
2.2	0.0287577	0.556973
2.225	0.0280121	0.557674
2.25	0.028191	0.558379
2.275	0.0294814	0.559116
2.3	0.0317226	0.559909
2.325	0.0343047	0.560766
2.35	0.0363362	0.561675
2.375	0.0373504	0.562608
2.4	0.0377037	0.563551
2.425	0.0379101	0.564499
2.45	0.03789	0.565446
2.475	0.0371284	0.566374
2.5	0.035315	0.567257
2.525	0.0326347	0.568073
2.55	0.0296331	0.568814
2.575	0.0269596	0.569488
2.6	0.025105	0.570115
2.625	0.0243072	0.570723
2.65	0.0246502	0.571339
2.675	0.0261639	0.571993
2.7	0.0287921	0.572713
2.725	0.0322039	0.573518
2.75	0.0356314	0.574409
2.775	0.0381637	0.575363
2.8	0.0393681	0.576347
2.825	0.0393003	0.57733
2.85	0.0380493	0.578281
2.875	0.0356743	0.579173
2.9	0.0323954	0.579983
2.925	0.0286418	0.580699
2.95	0.0249646	0.581323
2.975	0.0218433	0.581869
3	0.0195198	0.582357
3.025	0.0180255	0.582808
3.05	0.0173124	0.583241
3.075	0.0173456	0.583674
3.1	0.0181288	0.584127
3.125	0.0196663	0.584619
3.15	0.0218381	0.585165
3.175	0.0242046	0.58577
3.2	0.0259965	0.58642
3.225	0.0266053	0.587085
3.25	0.0260183	0.587736
3.275	0.0245043	0.588348
3.3	0.0223055	0.588906
3.325	0.0197601	0.5894
3.35	0.0172593	0.589831
3.375	0.0150676	0.590208
3.4	0.0133025	0.590541
3.425	0.0119795	0.59084
3.45	0.011055	0.591117
3.475	0.0104701	0.591378
3.5	0.0101789	0.591633
3.525	0.0101585	0.591887
3.55	0.0104121	0.592147
3.575	0.0109704	0.592421
3.6	0.011893	0.592719
3.625	0.0132647	0.59305
3.65	0.0151696	0.593429
3.675	0.0176071	0.59387
3.7	0.0203264	0.594378
3.725	0.0227318	0.594946
3.75	0.0242111	0.595551
3.775	0.0246495	0.596168
3.8	0.02424	0.596774
3.825	0.0230113	0.597349
3.85	0.0209928	0.597874
3.875	0.0185327	0.598337
3.9	0.016152	0.598741
3.925	0.0142094	0.599096
3.95	0.0128136	0.599416
3.975	0.0119347	0.599715
4	0.0115138	0.600003
E0_1	E_kin	GS_consistency	U	U_1_ave	eb1_1	eb1_1_ave	eb2_1	eb2_1_ave	eb3_1	eb3_1_ave	eb4_1	eb4_1_ave	eb5_1	eb5_1_ave	eb6_1	eb6_1_ave	eb7_1	eb7_1_ave	eb8_1	eb8_1_ave	githash	model	mu	mu_1_ave	mu_ave	n_1	script	sector_1	t	t1	t1_1_ave	t1_ave	t_1_ave	t_ave	tb1_1	tb1_1_ave	tb2_1	tb2_1_ave	tb3_1	tb3_1_ave	tb4_1	tb4_1_ave	tb5_1	tb5_1_ave	tb6_1	tb6_1_ave	tb7_1	tb7_1_ave	tb8_1	tb8_1_ave	time	version	
-10.47228602	-1.006340965	Y	8	0.03076458407	-0.2593375538	1.871885939	-0.2541980757	1.891463172	-0.2541980657	1.891463181	-0.2113528555	1.892584817	0.07336270796	0.4176789246	0.7736925191	0.2322148944	0.7736925097	0.2322149159	1.01528381	0.04553150206	bfbbed0	model	1.5	0.8812406637	0.873936313	0.8812406635	cdmft.py	R0:N12:S0:1	1	0.3	0.001022225767	-0.06565115917	-0.544110091	-0.9866456176	0.2067308646	-0.6674979512	0.2198793405	-0.923313836	0.2198793378	-0.9233137881	-0.2283733783	1.003662798	0.1680405159	-1.964793819	-0.4067758811	1.529721097	-0.4067758835	1.529721187	0.5325887048	-0.441831359	2025-05-28@10:09	v2.9.5	
